{"type": "block", "layer": 2, "block": 0, "features": [{"geom": {"lines": [[[-29.907738900406937, 18.048363580171753, 0.0], [-21.49397029640267, 21.088591654422807, 0.0]]]}, "mtl": 0}, {"geom": {"lines": [[[-30.572926861105643, 18.142864452816646, 0.0], [-20.537425099781565, 21.762125146730963, 0.0]]]}, "mtl": 0}, {"geom": {"lines": [[[9.87811031058402, 24.01419139743794, 0.0], [11.174367735105307, 24.32101241252063, 0.0]]]}, "mtl": 0}]}