{"type": "block", "layer": 6, "block": 2, "features": [{"geom": {"lines": [[[-37.36345702594034, 28.278142488128825, 0.0], [-36.76064763648191, 28.83668138410101, 0.0], [-36.61950996954387, 28.96775532174639, 0.0]]]}, "mtl": 0}, {"geom": {"lines": [[[-36.61950996954387, 28.96775532174639, 0.0], [-35.67350567923926, 30.0023018855256, 0.0]]]}, "mtl": 0}]}