{"type": "block", "layer": 10, "block": 0, "features": [{"geom": {"triangles": {"v": [37.3316263234424, 30.000269401701306, 0.0, -37.36318274590096, 30.00180350677672, 0.0, 37.36307547748838, -29.95869336575879, 0.0, -37.36318274590096, -30.00164830787037, 0.0], "f": [0, 1, 2, 2, 1, 3]}, "centroids": [[-0.012779958677078262, 0.007904010583696922, 0.0]]}, "mtl": 0}]}