{"type": "block", "layer": 4, "block": 33, "features": [{"geom": {"triangles": {"v": [-6.552216411297146, -26.701788290655994, 0.0, -6.773127542156687, -26.858267008348168, 0.0, -6.480113472752719, -26.80303922563328, 0.0, -6.701024603612255, -26.959517943325455, 0.0], "f": [0, 1, 2, 1, 3, 2]}, "centroids": [[-6.626528461150805, -26.83059175278908, 0.0]]}, "mtl": 0}, {"geom": {"triangles": {"v": [-6.5913360907201906, -28.809648664274103, 0.0, -6.65193324119902, -28.815785084575758, 0.0, -6.770059332005856, -28.89249033834643, 0.0, -6.542244728306962, -29.242266295540702, 0.0, -6.379629590313135, -29.134878940261757, 0.0], "f": [0, 1, 2, 2, 3, 0, 4, 0, 3]}, "centroids": [[-6.574216294254182, -29.01598495667986, 0.0]]}, "mtl": 0}, {"geom": {"triangles": {"v": [-5.683145886075424, -29.98477315204082, 0.0, -5.838857551229893, -29.98477315204082, 0.0, -5.729936090875537, -29.911136108420973, 0.0], "f": [0, 1, 2]}, "centroids": [[-5.750699212532839, -29.95987279055523, 0.0]]}, "mtl": 0}]}