{"type": "block", "layer": 5, "block": 1, "features": [{"geom": {"lines": [[[9.496915881446022, 23.951845367172222, 0.0], [9.87811031058402, 24.01419139743794, 0.0]]]}, "mtl": 0}, {"geom": {"lines": [[[-13.050992331763906, 24.18846573400434, 0.0], [-10.87109038380446, 24.781734848769265, 0.0], [-8.327421440362809, 25.117519767677024, 0.0]]]}, "mtl": 0}, {"geom": {"lines": [[[36.77698597447737, 24.97466390305292, 0.0], [37.334063951774546, 24.787609497788804, 0.0]]]}, "mtl": 0}, {"geom": {"lines": [[[-6.528959378353649, 25.12979260828033, 0.0], [-5.383903350064479, 25.04805548986047, 0.0]]]}, "mtl": 0}]}